{
    "r2_score": 0.9782020283522131,
    "rmse": 122.71691147309207
}